Category,Hierarchy,Mapped
Beds,Beds,TRUE
Bowls & Lick Mats,Bowls & Lick Mats,TRUE
Cat,Cat,TRUE
 -->  Cat Food,Cat - Cat Food,TRUE
 -- -->  Canned,Cat - Cat Food - Canned,TRUE
 -- -- -->  Discontinued,Cat - Cat Food - Canned - Discontinued,
 -- -- -- -->  Essence,Cat - Cat Food - Canned - Discontinued - Essence,
 -- -- -- -->  First Mate,Cat - Cat Food - Canned - Discontinued - First Mate,
 -- -- -->  Fromm,Cat - Cat Food - Canned - Fromm,TRUE
 -- -- -->  Fussie Cat,Cat - Cat Food - Canned - Fussie Cat,TRUE
 -- -- -->  Koha,Cat - Cat Food - Canned - Koha,TRUE
 -- -- -->  Nulo,Cat - Cat Food - Canned - Nulo,TRUE
 -- -- -->  Rawz,Cat - Cat Food - Canned - Rawz,
 -- -- -->  Stella & Chewy's,Cat - Cat Food - Canned - Stella & Chewy's,TRUE
 -- -- -->  Weruva,Cat - Cat Food - Canned - Weruva,TRUE
 -- -->  Cat Food Toppers,Cat - Cat Food - Cat Food Toppers,TRUE
 -- -->  Dry Kibble,Cat - Cat Food - Dry Kibble,TRUE
 -- -- -->  Farmina,Cat - Cat Food - Dry Kibble - Farmina,TRUE
 -- -- -->  FirstMate,Cat - Cat Food - Dry Kibble - FirstMate,TRUE
 -- -- -->  Fromm,Cat - Cat Food - Dry Kibble - Fromm,TRUE
 -- -- -->  Fussie Cat,Cat - Cat Food - Dry Kibble - Fussie Cat,TRUE
 -- -- -->  Honest Kitchen,Cat - Cat Food - Dry Kibble - Honest Kitchen,TRUE
 -- -- -->  Inception,Cat - Cat Food - Dry Kibble - Inception,TRUE
 -- -- -->  Nulo,Cat - Cat Food - Dry Kibble - Nulo,TRUE
 -- -- -->  Open Farm,Cat - Cat Food - Dry Kibble - Open Farm,TRUE
 -- -- -->  Orijen,Cat - Cat Food - Dry Kibble - Orijen,TRUE
 -- -- -->  Rawz,Cat - Cat Food - Dry Kibble - Rawz,TRUE
 -- -- -->  Stella & Chewy's,Cat - Cat Food - Dry Kibble - Stella & Chewy's,TRUE
 -- -- -->  Taste of the Wild,Cat - Cat Food - Dry Kibble - Taste of the Wild,TRUE
 -- -- -->  Wholesomes,Cat - Cat Food - Dry Kibble - Wholesomes,TRUE
 -- -->  Freeze-Dried,Cat - Cat Food - Freeze-Dried,TRUE
 -- -->  Frozen,Cat - Cat Food - Frozen,TRUE
 -- -- -->  Discontinued,Cat - Cat Food - Frozen - Discontinued,
 -- -- -- -->  Stella and Chewy's,Cat - Cat Food - Frozen - Discontinued - Stella and Chewy's,
 -- -- -- -->  Steve's Real Food,Cat - Cat Food - Frozen - Discontinued - Steve's Real Food,
 -- -- -->  My Perfect Pet,Cat - Cat Food - Frozen - My Perfect Pet,TRUE
 -- -- -->  Primal,Cat - Cat Food - Frozen - Primal,TRUE
 -- -- -->  Smallbatch,Cat - Cat Food - Frozen - Smallbatch,TRUE
 -- -- -->  Tucker's,Cat - Cat Food - Frozen - Tucker's,TRUE
 -->  Cat Litter,Cat - Cat Litter,TRUE
 -->  Cat Supplements,Cat - Cat Supplements,TRUE
 -->  Cat Toys,Cat - Cat Toys,TRUE
 -->  Cat Treats,Cat - Cat Treats,TRUE
Chews,Chews,TRUE
 -->  Antlers,Chews - Antlers,TRUE
 -->  Bones,Chews - Bones,TRUE
 -- -->  Barking Buddha,Chews - Bones - Barking Buddha,TRUE
 -- -->  Buba Chews,Chews - Bones - Buba Chews,TRUE
 -- -->  Frozen,Chews - Bones - Frozen,TRUE
 -- -->  Natural Dog Company,Chews - Bones - Natural Dog Company,TRUE
 -- -->  Nature's Logic,Chews - Bones - Nature's Logic,TRUE
 -- -->  Redbarn,Chews - Bones - Redbarn,TRUE
 -- -->  Ziwi,Chews - Bones - Ziwi,TRUE
 -->  Bulk,Chews - Bulk,TRUE
 -- -->  Bully Sticks,Chews - Bulk - Bully Sticks,TRUE
 -- -->  Ears,Chews - Bulk - Ears,TRUE
 -- -->  Feet and Hooves,Chews - Bulk - Feet and Hooves,TRUE
 -- -->  Heads,Chews - Bulk - Heads,TRUE
 -- -->  Neck,Chews - Bulk - Neck,TRUE
 -- -->  Tails,Chews - Bulk - Tails,TRUE
 -->  Coffee Wood,Chews - Coffee Wood,TRUE
 -->  Discontinued,Chews - Discontinued,
 -- -->  Hydeout,Chews - Discontinued - Hydeout,
 -- -->  Nandi,Chews - Discontinued - Nandi,
 -->  Earth Animal,Chews - Earth Animal,TRUE
 -->  Frankly,Chews - Frankly,TRUE
 -->  Himalayan,Chews - Himalayan,TRUE
 -->  Nothing To Hide,Chews - Nothing To Hide,TRUE
 -->  Other,Chews - Other,TRUE
 -->  Raw Bar,Chews - Raw Bar,TRUE
 -->  Yak Chews,Chews - Yak Chews,TRUE
Cleaning Supplies,Cleaning Supplies,TRUE
 -->  Air Freshners,Cleaning Supplies - Air Freshners,TRUE
 -->  Other,Cleaning Supplies - Other,TRUE
 -->  Poop Bags and Holders,Cleaning Supplies - Poop Bags and Holders,TRUE
Clothing and Costumes,Clothing and Costumes,
 -->  All Seasons,Clothing and Costumes - All Seasons,
 -->  Fall/Winter,Clothing and Costumes - Fall/Winter,
 -->  Spring/Summer,Clothing and Costumes - Spring/Summer,
"Collars, Leashes, and Accessories","Collars, Leashes, and Accessories",TRUE
 -->  Alcott,"Collars, Leashes, and Accessories - Alcott",TRUE
 -->  Dogline,"Collars, Leashes, and Accessories - Dogline",TRUE
 -->  Freedom No-Pull,"Collars, Leashes, and Accessories - Freedom No-Pull",TRUE
 -->  Get Waggin',"Collars, Leashes, and Accessories - Get Waggin'",
 -->  Lupine,"Collars, Leashes, and Accessories - Lupine",TRUE
 -->  Major Darling,"Collars, Leashes, and Accessories - Major Darling",TRUE
 -->  Other,"Collars, Leashes, and Accessories - Other",TRUE
 -->  Ruffwear,"Collars, Leashes, and Accessories - Ruffwear",TRUE
 -->  West Paw,"Collars, Leashes, and Accessories - West Paw",TRUE
Crates and Carriers,Crates and Carriers,TRUE
Dental,Dental,TRUE
Dog Food,Dog Food,TRUE
 -->  Air-Dried,Dog Food - Air-Dried,TRUE
 -- -->  A Pup Above,Dog Food - Air-Dried - A Pup Above,
 -- -->  Honest Kitchen,Dog Food - Air-Dried - Honest Kitchen,TRUE
 -- -->  Kiwi Kitchens,Dog Food - Air-Dried - Kiwi Kitchens,TRUE
 -- -->  Wisdom,Dog Food - Air-Dried - Wisdom,TRUE
 -- -->  Ziwi Peak,Dog Food - Air-Dried - Ziwi Peak,TRUE
 -->  Canned,Dog Food - Canned,TRUE
 -- -->  First Mate,Dog Food - Canned - First Mate,TRUE
 -- -->  Fromm,Dog Food - Canned - Fromm,TRUE
 -- -->  Inception,Dog Food - Canned - Inception,TRUE
 -- -->  Koha,Dog Food - Canned - Koha,TRUE
 -- -->  Nature's Logic,Dog Food - Canned - Nature's Logic,TRUE
 -- -->  Nulo,Dog Food - Canned - Nulo,TRUE
 -- -->  Rawz,Dog Food - Canned - Rawz,
 -- -->  Taste of the Wild,Dog Food - Canned - Taste of the Wild,TRUE
 -- -->  Weruva,Dog Food - Canned - Weruva,TRUE
 -- -->  Zignature,Dog Food - Canned - Zignature,TRUE
 -->  Dog Food Toppers,Dog Food - Dog Food Toppers,TRUE
 -- -->  NWN,Dog Food - Dog Food Toppers - NWN,TRUE
 -- -->  Nulo,Dog Food - Dog Food Toppers - Nulo,TRUE
 -- -->  OC RAW,Dog Food - Dog Food Toppers - OC RAW,
 -- -->  Other,Dog Food - Dog Food Toppers - Other,TRUE
 -- -->  Primal,Dog Food - Dog Food Toppers - Primal,TRUE
 -- -->  Stella & Chewy's,Dog Food - Dog Food Toppers - Stella & Chewy's,TRUE
 -- -->  The Honest Kitchen,Dog Food - Dog Food Toppers - The Honest Kitchen,TRUE
 -- -->  Tucker's,Dog Food - Dog Food Toppers - Tucker's,TRUE
 -- -->  Yummers,Dog Food - Dog Food Toppers - Yummers,TRUE
 -->  Dry Kibble,Dog Food - Dry Kibble,TRUE
 -- -->  Acana,Dog Food - Dry Kibble - Acana,TRUE
 -- -->  Earthborn,Dog Food - Dry Kibble - Earthborn,TRUE
 -- -->  Farmina,Dog Food - Dry Kibble - Farmina,TRUE
 -- -->  First Mate,Dog Food - Dry Kibble - First Mate,TRUE
 -- -->  Fromm,Dog Food - Dry Kibble - Fromm,TRUE
 -- -->  Honest Kitchen,Dog Food - Dry Kibble - Honest Kitchen,TRUE
 -- -->  Inception,Dog Food - Dry Kibble - Inception,TRUE
 -- -->  Nulo,Dog Food - Dry Kibble - Nulo,TRUE
 -- -->  Open Farm,Dog Food - Dry Kibble - Open Farm,TRUE
 -- -->  Orijen,Dog Food - Dry Kibble - Orijen,TRUE
 -- -->  Other and Discontinued,Dog Food - Dry Kibble - Other and Discontinued,
 -- -- -->  Essence,Dog Food - Dry Kibble - Other and Discontinued - Essence,
 -- -- -->  Other,Dog Food - Dry Kibble - Other and Discontinued - Other,
 -- -- -->  Pure Vita,Dog Food - Dry Kibble - Other and Discontinued - Pure Vita,
 -- -- -->  Taiga,Dog Food - Dry Kibble - Other and Discontinued - Taiga,
 -- -->  Rawz,Dog Food - Dry Kibble - Rawz,
 -- -->  Squarepet,Dog Food - Dry Kibble - Squarepet,TRUE
 -- -->  Stella & Chewy's,Dog Food - Dry Kibble - Stella & Chewy's,TRUE
 -- -->  Taste of the Wild,Dog Food - Dry Kibble - Taste of the Wild,TRUE
 -- -->  Wholesomes,Dog Food - Dry Kibble - Wholesomes,TRUE
 -- -->  Zignature,Dog Food - Dry Kibble - Zignature,TRUE
 -->  Freeze-Dried,Dog Food - Freeze-Dried,TRUE
 -- -->  Dr Marty,Dog Food - Freeze-Dried - Dr Marty,TRUE
 -- -->  Kiwi Kitchens,Dog Food - Freeze-Dried - Kiwi Kitchens,TRUE
 -- -->  Northwest Naturals,Dog Food - Freeze-Dried - Northwest Naturals,TRUE
 -- -->  Nulo,Dog Food - Freeze-Dried - Nulo,TRUE
 -- -->  OC RAW,Dog Food - Freeze-Dried - OC RAW,
 -- -->  Primal,Dog Food - Freeze-Dried - Primal,TRUE
 -- -->  Stella & Chewy's,Dog Food - Freeze-Dried - Stella & Chewy's,TRUE
 -- -->  Yummers,Dog Food - Freeze-Dried - Yummers,TRUE
 -->  Frozen,Dog Food - Frozen,TRUE
 -- -->  A Pup Above,Dog Food - Frozen - A Pup Above,TRUE
 -- -->  Discontinued,Dog Food - Frozen - Discontinued,
 -- -- -->  NWN,Dog Food - Frozen - Discontinued - NWN,
 -- -- -->  Vital Essentials,Dog Food - Frozen - Discontinued - Vital Essentials,
 -- -->  My Perfect Pet,Dog Food - Frozen - My Perfect Pet,TRUE
 -- -->  OC RAW,Dog Food - Frozen - OC RAW,
 -- -->  Open Farm,Dog Food - Frozen - Open Farm,
 -- -->  Primal,Dog Food - Frozen - Primal,TRUE
 -- -->  Smallbatch,Dog Food - Frozen - Smallbatch,
 -- -->  Stella & Chewy's,Dog Food - Frozen - Stella & Chewy's,TRUE
 -- -->  Tuckers,Dog Food - Frozen - Tuckers,TRUE
Dog Toys,Dog Toys,TRUE
 -->  Chuck It!,Dog Toys - Chuck It!,TRUE
 -->  Duraforce,Dog Toys - Duraforce,
 -->  Fab Dog,Dog Toys - Fab Dog,TRUE
 -->  Fluff n' Tuff,Dog Toys - Fluff n' Tuff,TRUE
 -->  Fringe/Toybox,Dog Toys - Fringe/Toybox,TRUE
 -->  Giftable World,Dog Toys - Giftable World,TRUE
 -->  Kong,Dog Toys - Kong,TRUE
 -->  Mammoth,Dog Toys - Mammoth,TRUE
 -->  Mighty,Dog Toys - Mighty,TRUE
 -->  Multipet,Dog Toys - Multipet,TRUE
 -->  Nandog,Dog Toys - Nandog,TRUE
 -->  Other,Dog Toys - Other,TRUE
 -->  Planet Dog,Dog Toys - Planet Dog,TRUE
 -->  Silly Squeakers,Dog Toys - Silly Squeakers,
 -->  Steel Dog,Dog Toys - Steel Dog,TRUE
 -->  Tall Tails,Dog Toys - Tall Tails,TRUE
 -->  Tuffy,Dog Toys - Tuffy,
 -->  Wagsdale,Dog Toys - Wagsdale,TRUE
 -->  West Paw,Dog Toys - West Paw,TRUE
 -->  Zeedog,Dog Toys - Zeedog,TRUE
Dog Treats,Dog Treats,TRUE
 -->  Acana,Dog Treats - Acana,TRUE
 -->  Arya Sit,Dog Treats - Arya Sit,TRUE
 -->  Barking Buddha/Natural Cravings,Dog Treats - Barking Buddha/Natural Cravings,TRUE
 -->  Beg and Barker,Dog Treats - Beg and Barker,TRUE
 -->  Birthday,Dog Treats - Birthday,TRUE
 -->  Bixbi,Dog Treats - Bixbi,TRUE
 -->  Bocce's Bakery,Dog Treats - Bocce's Bakery,TRUE
 -->  Cloud Star,Dog Treats - Cloud Star,TRUE
 -->  Discontinued,Dog Treats - Discontinued,
 -- -->  Boss Dog,Dog Treats - Discontinued - Boss Dog,
 -- -->  Dogbark Naturals,Dog Treats - Discontinued - Dogbark Naturals,
 -- -->  Earth Animal,Dog Treats - Discontinued - Earth Animal,
 -- -->  Einstein,Dog Treats - Discontinued - Einstein,
 -- -->  Happy Howie's,Dog Treats - Discontinued - Happy Howie's,
 -- -->  Homescape,Dog Treats - Discontinued - Homescape,
 -- -->  Nandi,Dog Treats - Discontinued - Nandi,
 -- -->  Polka Dog,Dog Treats - Discontinued - Polka Dog,
 -- -->  Primal,Dog Treats - Discontinued - Primal,
 -- -->  Woof,Dog Treats - Discontinued - Woof,
 -- -->  Zukes,Dog Treats - Discontinued - Zukes,
 -->  Dr Marty’s,Dog Treats - Dr Marty’s,TRUE
 -->  Earthborn Holistics,Dog Treats - Earthborn Holistics,TRUE
 -->  Farm Hounds,Dog Treats - Farm Hounds,TRUE
 -->  Fromm,Dog Treats - Fromm,TRUE
 -->  Frosted Paws,Dog Treats - Frosted Paws,TRUE
 -->  Gaines Family Farmstead,Dog Treats - Gaines Family Farmstead,TRUE
 -->  Givepet,Dog Treats - Givepet,TRUE
 -->  Himalayan,Dog Treats - Himalayan,TRUE
 -->  Honey I'm Home,Dog Treats - Honey I'm Home,
 -->  Inception,Dog Treats - Inception,TRUE
 -->  Kiwi,Dog Treats - Kiwi,TRUE
 -->  Koha,Dog Treats - Koha,TRUE
 -->  Northwest Naturals,Dog Treats - Northwest Naturals,TRUE
 -->  Nulo,Dog Treats - Nulo,TRUE
 -->  OC RAW,Dog Treats - OC RAW,
 -->  Other,Dog Treats - Other,TRUE
 -->  Paws on Chicon,Dog Treats - Paws on Chicon,TRUE
 -- -->  Froyo,Dog Treats - Paws on Chicon - Froyo,TRUE
 -- -->  Packaged/Bulk Cookies,Dog Treats - Paws on Chicon - Packaged/Bulk Cookies,TRUE
 -->  Plato,Dog Treats - Plato,
 -->  Smallbatch,Dog Treats - Smallbatch,TRUE
 -->  Stella & Chewy's,Dog Treats - Stella & Chewy's,TRUE
 -->  The Honest Kitchen,Dog Treats - The Honest Kitchen,TRUE
 -->  Tuesday's Natural Dog Company,Dog Treats - Tuesday's Natural Dog Company,TRUE
 -->  Vitafur,Dog Treats - Vitafur,TRUE
 -->  Vital Essentials,Dog Treats - Vital Essentials,TRUE
 -->  Zignature,Dog Treats - Zignature,TRUE
 -->  Ziwi,Dog Treats - Ziwi,TRUE
Flea and Tick,Flea and Tick,TRUE
Grooming,Grooming,
 -->  Kin+Kind,Grooming - Kin+Kind,
 -->  Nootie,Grooming - Nootie,
 -->  Other,Grooming - Other,
 -->  Pet Releaf,Grooming - Pet Releaf,
 -->  Petcrest,Grooming - Petcrest,
 -->  Project Sudz,Grooming - Project Sudz,
 -->  Skout's Honor,Grooming - Skout's Honor,
 -->  Tropiclean,Grooming - Tropiclean,
Other,Other,TRUE
 -->  Dog Wash,Other - Dog Wash,TRUE
Supplements,Supplements,TRUE
 -->  Calming,Supplements - Calming,TRUE
 -->  Digestive Support,Supplements - Digestive Support,TRUE
 -->  Mobility And Joint Support,Supplements - Mobility And Joint Support,TRUE
 -->  Other,Supplements - Other,TRUE
 -->  Pill Pouches,Supplements - Pill Pouches,TRUE
 -->  Skin & Coat,Supplements - Skin & Coat,TRUE
