Shopify Id,Title
gid://shopify/Collection/455089324261,Dogs
gid://shopify/Collection/455089586405,Dogs/Dog Food/Dry Dog Kibble/Kasiks
gid://shopify/Collection/455094829285,Dogs/Other Dog Supplies/Dental
gid://shopify/Collection/455095451877,Dogs/Other Dog Supplies
gid://shopify/Collection/455095681253,Dogs/Other Dog Supplies/Other Supplies
gid://shopify/Collection/455096205541,Cats/Cat Supplements/Calming
gid://shopify/Collection/455096238309,Cats/Cat Supplements/Dental
gid://shopify/Collection/455096303845,Cats/Other Cat Supplies
gid://shopify/Collection/455096402149,ADORED BEAST
gid://shopify/Collection/455096467685,Cats/Other Cat Supplies/Other Supplies
gid://shopify/Collection/455096533221,ARYA SIT
gid://shopify/Collection/455096565989,2 HOUNDS DESIGN
gid://shopify/Collection/455096598757,Cats/Other Cat Supplies/Cat Bowls
gid://shopify/Collection/455096631525,BENEBONE
gid://shopify/Collection/455096664293,ACANA
gid://shopify/Collection/455096697061,ALCOTT
gid://shopify/Collection/455096729829,ATX HOMEADE JERKY CO
gid://shopify/Collection/455096795365,BRILLIANT PET PRODUCTS
gid://shopify/Collection/455096828133,BIG SPOON ROASTERS
gid://shopify/Collection/455096860901,A PUP ABOVE
gid://shopify/Collection/455096893669,ADMC
gid://shopify/Collection/455096926437,CLOUD STAR
gid://shopify/Collection/455096959205,CANDLE CONSULTANTS
gid://shopify/Collection/455096991973,ARK NATURALS
gid://shopify/Collection/455097024741,ARLEE
gid://shopify/Collection/455097057509,COASTAL
gid://shopify/Collection/455097090277,DR ELSEYS
gid://shopify/Collection/455097123045,BARKWORTHIES
gid://shopify/Collection/455097155813,BEG AND BARKER
gid://shopify/Collection/455097188581,EZYDOG
gid://shopify/Collection/455097221349,BOCCE'S BAKERY
gid://shopify/Collection/455097254117,DR MARTY
gid://shopify/Collection/455097286885,BOXIE
gid://shopify/Collection/455097319653,FERMINATOR
gid://shopify/Collection/455097352421,CAT DANCER
gid://shopify/Collection/455097385189,ALLERGY TEST MY PET
gid://shopify/Collection/455097417957,CHUCKIT
gid://shopify/Collection/455097450725,FRANKLY
gid://shopify/Collection/455097483493,DOGGINSTIX
gid://shopify/Collection/455097516261,BARKING BUDDHA
gid://shopify/Collection/455097549029,FUN FEEDER
gid://shopify/Collection/455097581797,EARTH RATED
gid://shopify/Collection/455097614565,DOGLINE
gid://shopify/Collection/455097647333,FAIRE/DOGSPEAK
gid://shopify/Collection/455097680101,BIXBI
gid://shopify/Collection/455097712869,FARM HOUNDS
gid://shopify/Collection/455097745637,GOO-EEZ
gid://shopify/Collection/455097778405,FIDOBIOTICS
gid://shopify/Collection/455097843941,HIGHWAVE
gid://shopify/Collection/455097876709,CANOPHERA
gid://shopify/Collection/455097909477,FRINGE
gid://shopify/Collection/455097942245,FROSTED PAWS BAKERY
gid://shopify/Collection/455097975013,INCLOVER RESEARCH
gid://shopify/Collection/455098007781,EARTHBORN
gid://shopify/Collection/455098040549,FUREVER PRIMAL
gid://shopify/Collection/455098073317,DIGGIN YOUR DOG
gid://shopify/Collection/455098106085,GAINES FAMILY FARMSTEAD
gid://shopify/Collection/455098138853,KONG
gid://shopify/Collection/455098171621,GRALEN
gid://shopify/Collection/455098204389,GRIZZLY OIL
gid://shopify/Collection/455098237157,FARMINA
gid://shopify/Collection/455098269925,EARTH ANIMAL
gid://shopify/Collection/455098302693,MAMMOTH
gid://shopify/Collection/455098335461,HIMALAYAN PET SUPPLY
gid://shopify/Collection/455098368229,HONEY IM HOME
gid://shopify/Collection/455098400997,INJOYA
gid://shopify/Collection/455098433765,FAIRE/TICKLEDPET
gid://shopify/Collection/455098466533,LIX
gid://shopify/Collection/455098499301,FOREVER LOVE CLUB
gid://shopify/Collection/455098532069,MY PERFECT PET
gid://shopify/Collection/455098564837,KASIKS
gid://shopify/Collection/455098597605,FRUITABLES
gid://shopify/Collection/455098630373,MASLOW
gid://shopify/Collection/455098663141,FIRSTMATE
gid://shopify/Collection/455098695909,N-BONE
gid://shopify/Collection/455098728677,GIVEPET
gid://shopify/Collection/455098761445,HERBSMITH
gid://shopify/Collection/455098794213,NATURAL RAPPORT
gid://shopify/Collection/455098826981,MAD CAT
gid://shopify/Collection/455098859749,NATURAL DOG COMPANY
gid://shopify/Collection/455098892517,NOTHING TO HIDE
gid://shopify/Collection/455098925285,MULTIPET
gid://shopify/Collection/455098958053,INCEPTION
gid://shopify/Collection/455098990821,OUTWARD HOUNDS
gid://shopify/Collection/455099023589,NORTHWEST NATURALS
gid://shopify/Collection/455099056357,NATURA PETZ ORGANICS
gid://shopify/Collection/455099089125,PETIPET
gid://shopify/Collection/455099121893,NATURES MIRACLE
gid://shopify/Collection/455099154661,PLAQUE OFF
gid://shopify/Collection/455099187429,REDBARN
gid://shopify/Collection/455099220197,OPEN FARM
gid://shopify/Collection/455099252965,KOHA
gid://shopify/Collection/455099285733,SODAPUP
gid://shopify/Collection/455099318501,ORIJEN
gid://shopify/Collection/455099351269,STELLA AND CHEWY
gid://shopify/Collection/455099384037,THE HONEST KITCHEN
gid://shopify/Collection/455099416805,PEAKNPAWS
gid://shopify/Collection/455099449573,FROMM
gid://shopify/Collection/455099482341,MAJOR DARLING
gid://shopify/Collection/455099515109,PETS FIRST
gid://shopify/Collection/455099547877,PETCREST
gid://shopify/Collection/455099580645,POLKA DOG BAKERY
gid://shopify/Collection/455099613413,PLANET DOG
gid://shopify/Collection/455099646181,VIP
gid://shopify/Collection/455099678949,SAFARI
gid://shopify/Collection/455099711717,WONDERCIDE
gid://shopify/Collection/455099744485,RAWZ
gid://shopify/Collection/455099777253,STASH
gid://shopify/Collection/455099810021,MUSHERS SECRET
gid://shopify/Collection/455099842789,ZENTA
gid://shopify/Collection/455099875557,SUSTAINABLY YOURS
gid://shopify/Collection/455099908325,FUSSIE CAT
gid://shopify/Collection/455099941093,NATURAL CRAVINGS
gid://shopify/Collection/455099973861,TUCKER'S
gid://shopify/Collection/455100006629,NOOTIE
gid://shopify/Collection/455100039397,SMALLBATCH
gid://shopify/Collection/455100072165,ORIGINS SUPPLEMENT
gid://shopify/Collection/455100104933,VITAL ESSENTIALS
gid://shopify/Collection/455100137701,STEEL DOG
gid://shopify/Collection/455100170469,GRANDMA LUCY'S
gid://shopify/Collection/455100203237,PET RELEAF
gid://shopify/Collection/455100236005,WORLD'S BEST
gid://shopify/Collection/455100268773,ZIWI
gid://shopify/Collection/455100301541,HOMESCAPE PETS
gid://shopify/Collection/455100334309,PILL BUDDY
gid://shopify/Collection/455100367077,TASTE OF THE WILD
gid://shopify/Collection/455100399845,KARMA CAT
gid://shopify/Collection/455100432613,PRIMAL
gid://shopify/Collection/455100465381,LUPINE
gid://shopify/Collection/455100498149,MEDLINE
gid://shopify/Collection/455100530917,NANDOG
gid://shopify/Collection/455100563685,TUFFY
gid://shopify/Collection/455100596453,NATURES LOGIC
gid://shopify/Collection/455100629221,SKOUTS HONOR
gid://shopify/Collection/455100661989,WHOLESOMES
gid://shopify/Collection/455100694757,STASHIOS
gid://shopify/Collection/455100727525,NULO
gid://shopify/Collection/455100760293,TALL TAILS
gid://shopify/Collection/455100793061,TUESDAYS NATURAL DOG COMPANY
gid://shopify/Collection/455100825829,ZEEDOG
gid://shopify/Collection/455100858597,PAWS ON CHICON
gid://shopify/Collection/455100891365,WERUVA
gid://shopify/Collection/455100924133,PETMATE
gid://shopify/Collection/455100956901,PLATO
gid://shopify/Collection/455100989669,YETI
gid://shopify/Collection/455101022437,RUFFWEAR
gid://shopify/Collection/455101055205,SQUAREPET
gid://shopify/Collection/455101087973,SUPER SNOUTS
gid://shopify/Collection/455101120741,TROPICLEAN
gid://shopify/Collection/455101153509,VITAFUR
gid://shopify/Collection/455101186277,WOOF PUPSICLE
gid://shopify/Collection/455101219045,ZIGNATURE
gid://shopify/Collection/457549676773,FLUFF AND TUFF
gid://shopify/Collection/474091127013,Dogs - Dog Food - Dry Dog Kibble - Nulo - Bevy Test
