Redirect from,Redirect to
/brands/2-hounds-design/,/collections/2-hounds-design
/brands/a-pup-above/,/collections/a-pup-above
/brands/acana/,/collections/acana
/brands/admc/,/collections/admc
/brands/adored-beast/,/collections/adored-beast
/brands/adornable-pet/,/collections/all
/brands/advance/,/collections/all
/brands/advantage/,/collections/all
/brands/against-the-grain/,/collections/all
/brands/alcott/,/collections/alcott
/brands/allergy-test-my-pet/,/collections/allergy-test-my-pet
/brands/ark-naturals/,/collections/ark-naturals
/brands/arlee/,/collections/arlee
/brands/atx-homemade-jerky-co/,/collections/all
/brands/barkbox/,/collections/all
/brands/barking-buddha/,/collections/barking-buddha
/brands/barkworthies/,/collections/barkworthies
/brands/batherbox/,/collections/all
/brands/beg-and-barker/,/collections/beg-and-barker
/brands/benebone/,/collections/benebone
/brands/big-spoon/,/collections/all
/brands/bixbi/,/collections/bixbi
/brands/blackheartbling/,/collections/all
/brands/bocces-bakery/,/collections/all
/brands/boxie/,/collections/boxie
/brands/brilliant-pet-products/,/collections/brilliant-pet-products
/brands/candle-consultants/,/collections/candle-consultants
/brands/canophera/,/collections/canophera
/brands/carma-cat-wholesale/,/collections/all
/brands/cat-dancer/,/collections/cat-dancer
/brands/chuckit/,/collections/chuckit
/brands/cloud-star/,/collections/cloud-star
/brands/diggin-your-dog/,/collections/diggin-your-dog
/brands/dogginstix/,/collections/dogginstix
/brands/dogline/,/collections/dogline
/brands/dr-elseys/,/collections/dr-elseys
/brands/dr-marty/,/collections/dr-marty
/brands/earth-animal/,/collections/earth-animal
/brands/earth-rated/,/collections/earth-rated
/brands/earthborn/,/collections/earthborn
/brands/ezydog/,/collections/ezydog
/brands/fab-dog/,/collections/all
/brands/faire-arya-sit/,/collections/all
/brands/faire-injoya/,/collections/all
/brands/faire-tickledpet/,/collections/all
/brands/farmina/,/collections/farmina
/brands/fat-cat/,/collections/all
/brands/ferminator/,/collections/ferminator
/brands/fidobiotics/,/collections/fidobiotics
/brands/firstmate/,/collections/firstmate
/brands/fluff-tuff/,/collections/all
/brands/forever-love-club/,/collections/forever-love-club
/brands/four-paws/,/collections/all
/brands/frankly/,/collections/frankly
/brands/fringe/,/collections/fringe
/brands/fromm/,/collections/fromm
/brands/frosted-paws-bakery/,/collections/frosted-paws-bakery
/brands/fruitables/,/collections/fruitables
/brands/fun-feeder/,/collections/fun-feeder
/brands/furbulous-litter-box/,/collections/all
/brands/furever-primal/,/collections/furever-primal
/brands/fussie-cat-pets-global/,/collections/all
/brands/fuzzyard/,/collections/all
/brands/gaines-family-farmstead/,/collections/gaines-family-farmstead
/brands/gf/,/collections/all
/brands/givepet/,/collections/givepet
/brands/glandex/,/collections/all
/brands/gonesh/,/collections/all
/brands/goo-eez/,/collections/all
/brands/gralen/,/collections/gralen
/brands/grandma-lucys/,/collections/all
/brands/grizzly-oil/,/collections/grizzly-oil
/brands/happy-howies/,/collections/all
/brands/herbsmith/,/collections/herbsmith
/brands/highwave/,/collections/highwave
/brands/home-with-hound/,/collections/all
/brands/homescape-pets/,/collections/homescape-pets
/brands/inception/,/collections/inception
/brands/inclover-research/,/collections/inclover-research
/brands/jojo-modern-pets/,/collections/all
/brands/k9-gronola/,/collections/all
/brands/kangaroo-joint-supplements/,/collections/all
/brands/kasiks/,/collections/kasiks
/brands/kinkind/,/collections/all
/brands/kiwi-kitchins/,/collections/all
/brands/koha/,/collections/koha
/brands/kong/,/collections/kong
/brands/lix/,/collections/all
/brands/lix-cbd/,/collections/all
/brands/lulus-kitchen/,/collections/all
/brands/lupine/,/collections/lupine
/brands/mad-cat/,/collections/mad-cat
/brands/major-darling/,/collections/major-darling
/brands/majro/,/collections/all
/brands/mammoth/,/collections/mammoth
/brands/medline/,/collections/all
/brands/messy-mutt/,/collections/all
/brands/mighty-bully/,/collections/all
/brands/muli/,/collections/all
/brands/multipet/,/collections/multipet
/brands/mushers-secret/,/collections/mushers-secret
/brands/my-perfect-pet/,/collections/my-perfect-pet
/brands/n-bone/,/collections/all
/brands/nandog/,/collections/nandog
/brands/natura-petz-organics/,/collections/natura-petz-organics
/brands/natural-cravings/,/collections/natural-cravings
/brands/natural-dog-company/,/collections/natural-dog-company
/brands/natural-rapport/,/collections/natural-rapport
/brands/natures-logic/,/collections/natures-logic
/brands/natures-miracle/,/collections/natures-miracle
/brands/nootie/,/collections/nootie
/brands/northwest-natural/,/collections/all
/brands/nothing-to-hide/,/collections/nothing-to-hide
/brands/nulo/,/collections/nulo
/brands/oc-raw/,/collections/all
/brands/open-farm/,/collections/open-farm
/brands/origins/,/collections/all
/brands/orijen/,/collections/orijen
/brands/outward-hounds/,/collections/outward-hounds
/brands/paddys-pet-supplements/,/collections/all
/brands/paws-on-chicon/,/collections/paws-on-chicon
/brands/peaknpaws/,/collections/peaknpaws
/brands/pearhead/,/collections/all
/brands/pet-eden/,/collections/all
/brands/pet-house/,/collections/all
/brands/pet-pals/,/collections/all
/brands/pet-releaf/,/collections/pet-releaf
/brands/petcrest/,/collections/petcrest
/brands/petipet/,/collections/petipet
/brands/petmate/,/collections/petmate
/brands/pets-first/,/collections/pets-first
/brands/pezzy-pets/,/collections/all
/brands/pill-buddy/,/collections/pill-buddy
/brands/planet-dog/,/collections/planet-dog
/brands/plaque-off/,/collections/plaque-off
/brands/polka-dog-bakery/,/collections/polka-dog-bakery
/brands/primal/,/collections/primal
/brands/project-sudz/,/collections/all
/brands/qt-dog/,/collections/all
/brands/quirky-kitty/,/collections/all
/brands/rawz/,/collections/rawz
/brands/redbarn/,/collections/redbarn
/brands/rover-pet/,/collections/all
/brands/ruffwear/,/collections/ruffwear
/brands/skouts-honor/,/collections/skouts-honor
/brands/smallbatch/,/collections/smallbatch
/brands/snugarooz/,/collections/all
/brands/sodapup/,/collections/sodapup
/brands/squarepet/,/collections/squarepet
/brands/stash/,/collections/stash
/brands/stashios/,/collections/stashios
/brands/steel-dog-llc/,/collections/all
/brands/stella-and-chewy/,/collections/stella-and-chewy
/brands/super-snouts/,/collections/super-snouts
/brands/supre/,/collections/all
/brands/sustainably-yours/,/collections/sustainably-yours
/brands/taiga/,/collections/all
/brands/tall-tails/,/collections/tall-tails
/brands/taste-of-the-wild/,/collections/taste-of-the-wild
/brands/the-honest-kitchen/,/collections/the-honest-kitchen
/brands/trill-paws/,/collections/all
/brands/tropiclean/,/collections/tropiclean
/brands/tuckers/,/collections/all
/brands/tuesdays-natural-dog-company/,/collections/tuesdays-natural-dog-company
/brands/tuffy/,/collections/tuffy
/brands/vip/,/collections/vip
/brands/vitafur/,/collections/vitafur
/brands/vital-essentials/,/collections/vital-essentials
/brands/wagsdale/,/collections/all
/brands/weruva/,/collections/weruva
/brands/west-paw/,/collections/all
/brands/wholesale-pet-pet-boss/,/collections/all
/brands/wholesomes/,/collections/wholesomes
/brands/wisdom/,/collections/all
/brands/wondercide/,/collections/wondercide
/brands/woof-pupscile/,/collections/all
/brands/worlds-best/,/collections/all
/brands/yeowww/,/collections/all
/brands/yeti/,/collections/yeti
/brands/yummers/,/collections/all
/brands/yummy-combs/,/collections/all
/brands/zeedog/,/collections/zeedog
/brands/zenta/,/collections/zenta
/brands/zignature/,/collections/zignature
/brands/zippy-paws/,/collections/all
/brands/ziwi/,/collections/ziwi
/brands/zodiac/,/collections/all
/brands/zukes/,/collections/all
